{
    "name": "root",
    "gauges": {
        "Economic.Policy.Entropy.mean": {
            "value": 1.420027256011963,
            "min": 1.418938398361206,
            "max": 1.42018723487854,
            "count": 10
        },
        "Economic.Policy.Entropy.sum": {
            "value": 6543.4853515625,
            "min": 6543.4853515625,
            "max": 8111.4404296875,
            "count": 10
        },
        "Economic.Step.mean": {
            "value": 49980.0,
            "min": 4992.0,
            "max": 49980.0,
            "count": 10
        },
        "Economic.Step.sum": {
            "value": 49980.0,
            "min": 4992.0,
            "max": 49980.0,
            "count": 10
        },
        "Economic.Policy.ExtrinsicValueEstimate.mean": {
            "value": 2.797140598297119,
            "min": 2.797140598297119,
            "max": 5.281305313110352,
            "count": 10
        },
        "Economic.Policy.ExtrinsicValueEstimate.sum": {
            "value": 218.17697143554688,
            "min": 218.17697143554688,
            "max": 443.629638671875,
            "count": 10
        },
        "Economic.IsTraining.mean": {
            "value": 1.0,
            "min": 1.0,
            "max": 1.0,
            "count": 10
        },
        "Economic.IsTraining.sum": {
            "value": 1.0,
            "min": 1.0,
            "max": 1.0,
            "count": 10
        },
        "Economic.Environment.EpisodeLength.mean": {
            "value": 603.0,
            "min": 602.0,
            "max": 603.0,
            "count": 6
        },
        "Economic.Environment.EpisodeLength.sum": {
            "value": 7236.0,
            "min": 7224.0,
            "max": 7236.0,
            "count": 6
        },
        "Economic.Self-play.ELO.mean": {
            "value": 1200.0664210360642,
            "min": 1200.0064933697129,
            "max": 1200.0664210360642,
            "count": 6
        },
        "Economic.Self-play.ELO.sum": {
            "value": 14400.79705243277,
            "min": 14400.077920436555,
            "max": 14400.79705243277,
            "count": 6
        },
        "Economic.Environment.CumulativeReward.mean": {
            "value": 1.0,
            "min": 1.0,
            "max": 1.0,
            "count": 6
        },
        "Economic.Environment.CumulativeReward.sum": {
            "value": 12.0,
            "min": 12.0,
            "max": 12.0,
            "count": 6
        },
        "Economic.Policy.ExtrinsicReward.mean": {
            "value": 1.0,
            "min": 1.0,
            "max": 1.0,
            "count": 6
        },
        "Economic.Policy.ExtrinsicReward.sum": {
            "value": 12.0,
            "min": 12.0,
            "max": 12.0,
            "count": 6
        },
        "Economic.Losses.PolicyLoss.mean": {
            "value": 0.024423686725397905,
            "min": 0.021052742037378874,
            "max": 0.027814228660705945,
            "count": 4
        },
        "Economic.Losses.PolicyLoss.sum": {
            "value": 0.024423686725397905,
            "min": 0.021052742037378874,
            "max": 0.027814228660705945,
            "count": 4
        },
        "Economic.Losses.ValueLoss.mean": {
            "value": 0.08800246951480707,
            "min": 0.08800246951480707,
            "max": 0.46847409605979917,
            "count": 4
        },
        "Economic.Losses.ValueLoss.sum": {
            "value": 0.08800246951480707,
            "min": 0.08800246951480707,
            "max": 0.46847409605979917,
            "count": 4
        },
        "Economic.Policy.LearningRate.mean": {
            "value": 9.445600554399998e-05,
            "min": 9.445600554399998e-05,
            "max": 9.862400137599998e-05,
            "count": 4
        },
        "Economic.Policy.LearningRate.sum": {
            "value": 9.445600554399998e-05,
            "min": 9.445600554399998e-05,
            "max": 9.862400137599998e-05,
            "count": 4
        },
        "Economic.Policy.Epsilon.mean": {
            "value": 0.194456,
            "min": 0.194456,
            "max": 0.19862399999999997,
            "count": 4
        },
        "Economic.Policy.Epsilon.sum": {
            "value": 0.194456,
            "min": 0.194456,
            "max": 0.19862399999999997,
            "count": 4
        },
        "Economic.Policy.Beta.mean": {
            "value": 0.0094461544,
            "min": 0.0094461544,
            "max": 0.0098625376,
            "count": 4
        },
        "Economic.Policy.Beta.sum": {
            "value": 0.0094461544,
            "min": 0.0094461544,
            "max": 0.0098625376,
            "count": 4
        }
    },
    "metadata": {
        "timer_format_version": "0.1.0",
        "start_time_seconds": "1669916944",
        "python_version": "3.6.13 |Anaconda, Inc.| (default, Mar 16 2021, 11:37:27) [MSC v.1916 64 bit (AMD64)]",
        "command_line_arguments": "D:\\anaconda\\envs\\MLAgent\\Scripts\\mlagents-learn Economic.yaml --run-id=Economic --force",
        "mlagents_version": "0.28.0",
        "mlagents_envs_version": "0.28.0",
        "communication_protocol_version": "1.5.0",
        "pytorch_version": "1.7.1+cu110",
        "numpy_version": "1.19.5",
        "end_time_seconds": "1669917244"
    },
    "total": 299.6045739,
    "count": 1,
    "self": 0.006370899999978974,
    "children": {
        "run_training.setup": {
            "total": 0.11756409999999999,
            "count": 1,
            "self": 0.11756409999999999
        },
        "TrainerController.start_learning": {
            "total": 299.48063890000003,
            "count": 1,
            "self": 0.0908468999998604,
            "children": {
                "TrainerController._reset_env": {
                    "total": 12.303610500000001,
                    "count": 1,
                    "self": 12.303610500000001
                },
                "TrainerController.advance": {
                    "total": 286.4296986000002,
                    "count": 4248,
                    "self": 0.09124619999818151,
                    "children": {
                        "env_step": {
                            "total": 270.43010890000124,
                            "count": 4248,
                            "self": 251.7795604000006,
                            "children": {
                                "SubprocessEnvManager._take_step": {
                                    "total": 18.591845000001832,
                                    "count": 4248,
                                    "self": 0.3461187000015684,
                                    "children": {
                                        "TorchPolicy.evaluate": {
                                            "total": 18.245726300000264,
                                            "count": 4241,
                                            "self": 6.077180899999449,
                                            "children": {
                                                "TorchPolicy.sample_actions": {
                                                    "total": 12.168545400000815,
                                                    "count": 4241,
                                                    "self": 12.168545400000815
                                                }
                                            }
                                        }
                                    }
                                },
                                "workers": {
                                    "total": 0.05870349999879387,
                                    "count": 4247,
                                    "self": 0.0,
                                    "children": {
                                        "worker_root": {
                                            "total": 290.3716115999996,
                                            "count": 4247,